german_idiom	translation	letters_only	length
Die weiΟü alles.	She has all the answers.	dieweiΟüalles	12
Mein SΟΦndenregister	My sins	meinsΟΦndenregister	18
Plackerei	Drudgery	plackerei	9
Jmdm. traktieren	Plague s.o.	jmdmtraktieren	14
Tyrannisieren	Bully	tyrannisieren	13
Schikanieren	Bully	schikanieren	12
Etwas heruntermachen	Run s.th. down	etwasheruntermachen	19
Es ist ein Geschenk des Himmels / GlΟΦcksfall / Segen.	ItβÄôs a godsend. // ItβÄôs a gift from heaven.	esisteingeschenkdeshimmelsglΟΦcksfallsegen	41
Aus meinen Augen!	Out of my sight!	ausmeinenaugen	14
Schaff ihn mir aus den Augen.	Remove him from my sight.	schaffihnmirausdenaugen	23
Verzieh dich!	Sheer off!	verziehdich	11
Verpiss dich!	Piss off!	verpissdich	11
Geht er? Gott sei Dank.	Is he going? Good riddance!	gehtergottseidank	17
Der Hund wird teuer dafΟΦr bezahlen!	The dog will pay dearly for this!	derhundwirdteuerdafΟΦrbezahlen	29
Los, beweg dich!	Come on, move (yourself)!	losbewegdich	12
Los, beweg deinen Arsch.	Come on, move your bum.	losbewegdeinenarsch	19
Hintern	Bottom // bum // buttocks // posterior // behind	hintern	7
Du kriegst gleich den Hintern versohlt.	YouβÄôre asking to get your bottom smacked.	dukriegstgleichdenhinternversohlt	33
Wie die Zeit vergeht!	DoesnβÄôt time fly! // How time does fly!	wiediezeitvergeht	17
Wenn man vom Teufel spricht!	Talk/Speak of the devil (and the devil appears)!	wennmanvomteufelspricht	23
An die Arbeit!	Work!	andiearbeit	11
Du kannst doch wohl einen SpaΟü vertragen.	Surely you can take a joke.	dukannstdochwohleinenspaΟüvertragen	34
Ich muss doch sehr bitten!	I disapprove strongly!	ichmussdochsehrbitten	21
Ich bin total kaputt / vollkommen erledigt.	IβÄôm absolutely cracked up.	ichbintotalkaputtvollkommenerledigt	35
Das macht keiner mit mir!	No one does that to me!	dasmachtkeinermitmir	20
Die Augen waren grΟΕΟüer als der Mund.	My eyes were bigger than my belly.	dieaugenwarengrΟΕΟüeralsdermund	29
Tu etwas. βÄ™ Was denn?	Do something. βÄ™ Such as what?	tuetwaswasdenn	14
Versuch nicht, dich herauszureden.	DonβÄôt try to weasel out.	versuchnichtdichherauszureden	29
Lahme Ausrede.	Lame excuse.	lahmeausrede	12
Verdirb nicht alles!	DonβÄôt blow it!	verdirbnichtalles	17
Wer hΟΛtte das gedacht!	Well, fancy that!	werhΟΛttedasgedacht	18
Ich kann das nachvollziehen.	I sympathize.	ichkanndasnachvollziehen	24
Es ΟΦberrascht mich nicht im geringsten.	It does not surprise me in the least.	esΟΦberraschtmichnichtimgeringsten	33
Oje!	Uh-oh!	oje	3
Au(a)!	Ouch! // Eek! // Oww! // Ow! // Yow!	aua	3
Pst!	(S)ssh!	pst	3
Puh, was fΟΦr ein Gestank!	Pooh, what a stink!	puhwasfΟΦreingestank	19
Gute Besserung!	Get well soon!	gutebesserung	13
Es ist zum Kotzen.	ItβÄôs sickening. ItβÄôs disgusting.	esistzumkotzen	14
Ich findβÄôs zum Kotzen.	It gives me the puke.	ichfindszumkotzen	17
Das ist eine gemeine Verleumdung.	ThatβÄôs a foul slur.	dasisteinegemeineverleumdung	28
Das nimmt dir keiner ab.	Nobody will buy that.	dasnimmtdirkeinerab	19
Wem sagst du das!	YouβÄôre telling me!	wemsagstdudas	13
Ich fΟΦhle mich etwas unwohl.	I feel a little queasy.	ichfΟΦhlemichetwasunwohl	23
Kopf hoch!	Chin up!	kopfhoch	8
Was fΟΦr ein Zufall!	Now thereβÄôs a coincidence! // What a coincidence!	wasfΟΦreinzufall	15
Sachte, sachte.	Easy, easy.	sachtesachte	12
Darauf kannst du Gift nehmen.	That you can bet on. // And (make) no mistake (about it).	daraufkannstdugiftnehmen	24
Ich mΟΕchte nicht unhΟΕflich sein.	I donβÄôt mean to be rude.	ichmΟΕchtenichtunhΟΕflichsein	27
Ich mΟΕchte nicht unhΟΕflich erscheinen, aber ...	I donβÄôt wish to appear discourteous, but ...	ichmΟΕchtenichtunhΟΕflicherscheinenaber	37
Da lachen ja die HΟΦhner.	ThatβÄôa a laugh (that is).	dalachenjadiehΟΦhner	19
Wie hΟΛltst du ihn nur aus?	How do you put up with him?	wiehΟΛltstduihnnuraus	20
Er ist eine Geschichte fΟΦr sich.	HeβÄôs quite a story.	eristeinegeschichtefΟΦrsich	26
Er ist ein Original.	HeβÄôs a character.	eristeinoriginal	16
Er ist eine Seele von Mensch / von einem Menschen.	HeβÄôs a dear.	eristeineseelevonmenschvoneinemmenschen	39
Er ist etwas anstrengend.	HeβÄôs a little trying.	eristetwasanstrengend	21
Ich mΟΕchte mich Ihnen/dir nicht aufdrΟΛngen.	I donβÄôt want to impose on you.	ichmΟΕchtemichihnendirnichtaufdrΟΛngen	36
Regen Sie sich nicht auf.	DonβÄôt get upset.	regensiesichnichtauf	20
Das ist nun einmal so.	ItβÄôs just one of those things.	dasistnuneinmalso	17
(Du hast es) Erraten!	YouβÄôve got it.	duhasteserraten	15
Zeit, ins Bett zu gehen.	Time to kip down. // Time to turn in.	zeitinsbettzugehen	18
Zeit fΟΦrs Bett, Kinder.	Tuck-in time, children.	zeitfΟΦrsbettkinder	18
Eingemummelt (im Bett)	Tucked in (in bed)	eingemummeltimbett	18
Husch/Ab ins Bett!	Off to bed!	huschabinsbett	14
Gerade das Richtige.	Just what the doctor ordered.	geradedasrichtige	17
Ich denke nach.	IβÄôm cogitating.	ichdenkenach	12
WennβÄôs auch Wahnsinn ist, so hat es doch Methode.	Though this be madness, yet there is method inβÄôt.	wennsauchwahnsinnistsohatesdochmethode	38
Es war zum Verzweifeln.	It drove me to distraction.	eswarzumverzweifeln	19
Man kann ja nie wissen.	You never can tell.	mankannjaniewissen	18
Schwer auszudrΟΦcken.	How shall I put it.	schwerauszudrΟΦcken	18
Seien wir nicht kleinlich.	LetβÄôs think big.	seienwirnichtkleinlich	22
Immer der Reihe nach.	First things first.	immerderreihenach	17
Einmal muss es raus.	One must get it out of oneβÄôs system.	einmalmussesraus	16
Na hΟΕr mal.	Look here.	nahΟΕrmal	8
Also wirklich!	Honestly!	alsowirklich	12
Also wirklich, was du immer denkst!	Honestly, the way your mind works!	alsowirklichwasduimmerdenkst	28
..., was weiΟü ich.	..., for all I know.	wasweiΟüich	10
Wie gut du in der Uniform aussiehst!	What a fine figure you cut in that uniform!	wiegutduinderuniformaussiehst	29
Du siehst so elegant/schick aus.	You look so swish. slang	dusiehstsoelegantschickaus	26
Es wΟΛre mir lieber, du wΟΦrdest mich wie einen mΟΛnnlichen Kollegen behandeln.	IβÄôd rather you treated me as you would a male colleague.	eswΟΛremirlieberduwΟΦrdestmichwieeinenmΟΛnnlichenkollegenbehandeln	63
Womit kann ich Ihnen dienen?	How can I be of service?	womitkannichihnendienen	23
Wir wollen keine unnΟΕtige Aufmerksamkeit auf uns lenken.	We donβÄôt want to draw undue attention to ourselves.	wirwollenkeineunnΟΕtigeaufmerksamkeitaufunslenken	48
Wie neugeboren	As fit as a fiddle	wieneugeboren	13
Es hat gewisse Nachteile.	It has its drawbacks.	eshatgewissenachteile	21
Es hat seine Vorteile	ThereβÄôs something to be said for it	eshatseinevorteile	18
Wir kommen schon klar.	WeβÄôll sort ourselves out.	wirkommenschonklar	18
Ich kann ihm nicht ins Gesicht sehen.	I canβÄôt look him in the eyes.	ichkannihmnichtinsgesichtsehen	30
Das meinst du doch nicht im Ernst?	YouβÄôre not being serious?	dasmeinstdudochnichtimernst	27
Was hat das mit mir zu tun? βÄ™ Jede Menge.	What has this to do with me? βÄ™ Everything.	washatdasmitmirzutunjedemenge	29
Wer das tut, den erwΟΦrge ich.	If anybody does this, IβÄôll throttle him.	werdastutdenerwΟΦrgeich	22
Halt den Mund!	Shut up! // Shut it! // Hold/Stop your jaw. // Shut your face.	haltdenmund	11
Wenn er doch nur sein Maul hielte!	I wish he kept his gob shut!	wennerdochnurseinmaulhielte	27
Lass die Vergangenheit ruhen.	Let by-gones be by-gones.	lassdievergangenheitruhen	25
Wir brauchen jetzt keine groΟüen SprΟΦche.	This is no time for high-sounding phrases.	wirbrauchenjetztkeinegroΟüensprΟΦche	34
Hand vor den Mund!	Cover your mouth when youβÄôre yawning.	handvordenmund	14
Es wirkt Wunder.	It works marvels/wonders.	eswirktwunder	13
Es wirkt Wunder bei ...	It works wonders with ...	eswirktwunderbei	16
Wunder ΟΦber Wunder.	Wonders upon wonders.	wunderΟΦberwunder	16
Ein wahres Wunder vollbringen	Pull off a minor miracle	einwahreswundervollbringen	26
Beeil dich.	Get a move on.	beeildich	9
Schnell.	Chop-chop.	schnell	7
Das ist sein Werk.	This is his handiwork/doing.	dasistseinwerk	14
Hallo!	Wotcher!	hallo	5
NβÄôAbend!	βÄ‰Evening!	nabend	6
Verdammte ScheiΟüe!	Fucking shit!	verdammtescheiΟüe	16
Das sind wir los.	ThatβÄôs disposed of. ThatβÄôs got rid of.	dassindwirlos	13
Ist das Ihr einziges Auto oder was?	Is this the only car youβÄôve got or something?	istdasihreinzigesautooderwas	28
Das hat sich ja schnell herumgesprochen.	News travels.	dashatsichjaschnellherumgesprochen	34
Was findet sie nur an ihm?	What does she see in him?	wasfindetsienuranihm	20
Er hat etwas.	HeβÄôs got a certain something.	erhatetwas	10
Es ist grotesk.	ItβÄôs preposterous.	esistgrotesk	12
Wenn du nicht aufpasst, wird es noch einmal ein schlimmes Ende mit dir nehmen.	If you donβÄôt watch out youβÄôll come to a sticky end.	wenndunichtaufpasstwirdesnocheinmaleinschlimmesendemitdirnehmen	63
Wenn ich das Weib erwische.	If I ever lay (my) hands on that female. If I ever get my hands on that female.	wennichdasweiberwische	22
Morgen kann ich nicht.	I canβÄôt make it tomorrow.	morgenkannichnicht	18
Was wollen Sie von mir?	What do you want with me?	waswollensievonmir	18
Du bist heute abend richtig aufgeblΟΦht.	YouβÄôve really blossomed this evening.	dubistheuteabendrichtigaufgeblΟΦht	33
Ich bin in Ungnade gefallen.	IβÄôm in disgrace.	ichbininungnadegefallen	23
Du sagst doch Peter nichts davon, nicht wahr?	You wonβÄôt breathe a word of this to Peter, will you?	dusagstdochpeternichtsdavonnichtwahr	36
ErzΟΛhl das nicht weiter.	This must go no further.	erzΟΛhldasnichtweiter	20
Einen Augenblick/Moment.	Half a mo(βÄ‰)! colloquial	einenaugenblickmoment	21
Es ist eine miese Spelunke.	ItβÄôs a dump of a pub.	esisteinemiesespelunke	22
Das weiΟü doch jeder.	Common knowledge.	dasweiΟüdochjeder	16
Seit wann, wenn ich fragen darf?	Since when, may I ask?	seitwannwennichfragendarf	25
Das ist mir vΟΕllig egal/schnurz.	I donβÄôt care a fig/hang/hoot / tinkerβÄôs cuss.	dasistmirvΟΕlligegalschnurz	26
Was du machst, ist deine Sache.	What you do is your affair.	wasdumachstistdeinesache	24
Wehe dir, wenn ...	Woe betide you if ...	wehedirwenn	11
Ich bin verloren!	IβÄôm done for.	ichbinverloren	14
Wie aufmerksam.	How thoughtful.	wieaufmerksam	13
Ich wette 1000 Pfund mit dir, dass ...	IβÄôm willing to bet you 1000 pounds that ...	ichwettepfundmitdirdass	23
Ich bin ganz sicher.	IβÄôm positive.	ichbinganzsicher	16
Er hat ganz recht.	Dead right he is.	erhatganzrecht	14
Das stimmt.	YouβÄôre correct.	dasstimmt	9
Du bist wohl lebensmΟΦde?	YouβÄôre tired of living, are you?	dubistwohllebensmΟΦde	20
Ich verstehe nicht ganz, was du meinst.	IβÄôm not quite with you.	ichverstehenichtganzwasdumeinst	31
Sehr geistreich!	Very witty!	sehrgeistreich	14
Quasseln	Chin // jaw slang	quasseln	8
Quatschen	Chin // jaw slang	quatschen	9
Sie ist stΟΛndig am Quatschen.	SheβÄôs always jawing about something.	sieiststΟΛndigamquatschen	24
Was faselst du da?	What are you babbling about?	wasfaselstduda	14
HΟΕr auf mit dem Geplapper!	Cease your prattle.	hΟΕraufmitdemgeplapper	21
Wer dumme Fragen stellt ...	Ask a silly question ...	werdummefragenstellt	20
Irgend so einen Unsinn.	Some such nonsense.	irgendsoeinenunsinn	19
Rede nicht einen solchen Unsinn.	DonβÄôt talk stupid.	redenichteinensolchenunsinn	27
Totaler Unfug	Perfect nonsense	totalerunfug	12
Was fΟΦr ein ausgemachter Unsinn!	What arrant nonsense!	wasfΟΦreinausgemachterunsinn	27
VΟΕlliger BlΟΕdsinn!	Sheer poppycock!	vΟΕlligerblΟΕdsinn	16
ErzΟΛhl keinen ScheiΟü!	DonβÄôt gimme that shit!	erzΟΛhlkeinenscheiΟü	18
Das gibtβÄôs doch nicht!	Get off/away! // Go on with you! // You donβÄôt say!	dasgibtsdochnicht	17
Das glaubst du doch selber nicht!	Get off/away! // Go on with you! // You donβÄôt say!	dasglaubstdudochselbernicht	27
Wann hast du es schlieΟülich kapiert?	At what point did you finally twig?	wannhastduesschlieΟülichkapiert	30
Wie kannst du nur so dumm sein?	How can you be so dumb?	wiekannstdunursodummsein	24
Sei kein Dummkopf.	DonβÄôt be a pratt.	seikeindummkopf	15
Ein Dummkopf wie du	A fool like yourself	eindummkopfwiedu	16
Sei nicht albern.	DonβÄôt be daft.	seinichtalbern	14
Du ungeschickter TΟΕlpel.	You clumsy/bungling oaf.	duungeschicktertΟΕlpel	21
Du mieser Feigling!	You rotten coward!	dumieserfeigling	16
WeiΟüt du was? βÄ™ Was denn?	You know something? βÄ™ WhatβÄôs that?	weiΟütduwaswasdenn	17
Und, gibtβÄôs was Neues?	Well, any news?	undgibtswasneues	16
Ich komme noch um vor Spannung.	The suspense is killing me.	ichkommenochumvorspannung	25
Wollen Sie mitkommen? βÄ™ Nein, danke. Fischen ist nicht meine Sache.	Would you join me? βÄ™ No thanks, itβÄôs not my bag, fishing.	wollensiemitkommenneindankefischenistnichtmeinesache	52
Mathe bΟΦffeln/pauken	Swat up on/oneβÄôs maths	mathebΟΦffelnpauken	18
Ein verlorener Sohn	Prodigal son	einverlorenersohn	17
Mit einer Mathematikaufgabe kΟΛmpfen	Wrestle with a mathematical problem	miteinermathematikaufgabekΟΛmpfen	32
Jmdm. das Blut in den Adern gefrieren lassen	Make s.o.βÄôs blood run cold	jmdmdasblutindenaderngefrierenlassen	36
Jmdm. kalte Schauer ΟΦber den RΟΦcken jagen	Send shivers down s.o.βÄôs spine	jmdmkalteschauerΟΦberdenrΟΦckenjagen	34
Ich spΟΦrte, wie es mir kalt ΟΦber den RΟΦcken lief	I felt a chill run down my spine	ichspΟΦrtewieesmirkaltΟΦberdenrΟΦckenlief	38
Ohne mit der Wimper zu zucken	Without batting an eyelash/eyelid	ohnemitderwimperzuzucken	24
In aller Munde sein	Be the talk of the town	inallermundesein	16
Jmdm. zu denken geben	Give s.o. food for thought	jmdmzudenkengeben	17
Jmdm. Paroli bieten	Stand up to s.o.	jmdmparolibieten	16
Sagen, was man denkt	Speak oneβÄôs mind	sagenwasmandenkt	16
Das SchΟΕne an der Theorie ist, dass ...	The beauty of the theory is that ...	dasschΟΕneandertheorieistdass	28
Er sieht den Wald vor (lauter) BΟΛumen nicht	He cannot see the wood for the trees	ersiehtdenwaldvorlauterbΟΛumennicht	34
Man soll den Tag nicht vor dem Abend loben.	DonβÄôt count your chickens before they are hatched.	mansolldentagnichtvordemabendloben	34
Morgenstund hat Gold im Mund.	The early bird catches the worm.	morgenstundhatgoldimmund	24
Wer zuerst kommt, malt zuerst.	First come, first served.	werzuerstkommtmaltzuerst	24
Jeder ist sich selbst der NΟΛchste.	Charity begins at home.	jederistsichselbstdernΟΛchste	28
Ehrlich wΟΛhrt am lΟΛngsten.	Honesty is the best policy.	ehrlichwΟΛhrtamlΟΛngsten	22
GegensΟΛtze ziehen sich an.	Opposites attract.	gegensΟΛtzeziehensichan	22
Probieren geht ΟΦber Studieren.	The proof of the pudding is in the eating.	probierengehtΟΦberstudieren	26
Der Krug geht so lange zum Brunnen, bis er bricht.	The last straw breaks the camelβÄôs back.	derkruggehtsolangezumbrunnenbiserbricht	39
In der Not frisst der Teufel Fliegen.	Beggars cannot be choosers.	indernotfrisstderteufelfliegen	30
Reden ist Silber, Schweigen ist Gold.	Speech is silver, silence is golden.	redenistsilberschweigenistgold	30
Rache ist sΟΦΟü.	Revenge is sweet.	racheistsΟΦΟü	11
Die Pflicht ruft.	Duty calls.	diepflichtruft	14
Er ist wie ein Elefant im Porzellanladen.	He is like a bull in a china shop.	eristwieeinelefantimporzellanladen	34
Gesagt, getan.	No sooner said than done.	gesagtgetan	11
Sich in Luft auflΟΕsen	Vanish/dissolve into thin air	sichinluftauflΟΕsen	18
Vom Erdboden verschwinden	Disappear off the face of the earth	vomerdbodenverschwinden	23
Auf der Hut sein	Be on the alert	aufderhutsein	13
Tausendundeine Nacht	The Arabian Nights // The Thousand and One Nights	tausendundeinenacht	19
Sich jmdn. vom Leibe halten	Keep s.o. at armβÄôs length	sichjmdnvomleibehalten	22
Jmdn. umlegen	Bump/finish s.o. off // croak s.o.	jmdnumlegen	11
Jmdm. eine βÄ‰runterhauen	Fetch/bust s.o. one	jmdmeinerunterhauen	19
Jmdm. die Fresse polieren	Rearrange s.o.βÄôs face	jmdmdiefressepolieren	21
Sich in die HΟΕhle des LΟΕwen begeben/wagen	Put oneβÄôs head (right) into the lionβÄôs mouth	sichindiehΟΕhledeslΟΕwenbegebenwagen	34
Von etwas Wind bekommen	Get wind of s.th.	vonetwaswindbekommen	20
In den Himmel heben	Extol to the skies	indenhimmelheben	16
Ich schlage nach meinem Onkel	I take after my uncle	ichschlagenachmeinemonkel	25
Seine Nase in etwas stecken	Stick/poke oneβÄôs nose into s.th.	seinenaseinetwasstecken	23
Sich in alles einmischen	Stick oneβÄôs fingers in all the pies	sichinalleseinmischen	21
Er hat ΟΦberall seine Finger drin.	He always has his finger in the pie.	erhatΟΦberallseinefingerdrin	27
Ich zΟΛhle bis drei	IβÄôll count (up to) three	ichzΟΛhlebisdrei	15
Sich zwischen zwei StΟΦhle setzen	Fall between two stools	sichzwischenzweistΟΦhlesetzen	28
Zwei Leute, ein Gedanke	Two minds with one thought	zweileuteeingedanke	19
Ein Wort gibt das andere	Insult piling on insult	einwortgibtdasandere	20
Ο€ber etwas schlafen	Sleep on/over s.th.	ΟΦberetwasschlafen	17
Auf frischer Tat ertappen	Catch in the act // catch red-handed	auffrischertatertappen	22
Sich dumm und dΟΛmlich essen	Eat o.s. silly	sichdummunddΟΛmlichessen	23
Etwas pfundeweise essen	Eat s.th. by the bucket	etwaspfundeweiseessen	21
Jede Menge von ..., ... in rauhen Mengen	... by the bucket(load)	jedemengevoninrauhenmengen	26
Scharenweise	In their scores	scharenweise	12
So zahlreich wie immer	As legion as ever	sozahlreichwieimmer	19
Grauzone	Grey area	grauzone	8
Dorftrottel	Village idiot	dorftrottel	11
Hofnarr	Court jester	hofnarr	7
Junges Ding	Young thing	jungesding	10
Ich bin nicht in Stimmung	IβÄôm not in mood	ichbinnichtinstimmung	21
Jmdn. um den kleinen Finger wickeln	Twist s.o. round oneβÄôs little finger	jmdnumdenkleinenfingerwickeln	29
Ein Mann gehΟΕrt nicht in die KΟΦche.	A manβÄôs place is not in the kitchen.	einmanngehΟΕrtnichtindiekΟΦche	28
Auf etwas Neues stoΟüen	Hit on s.th. new	aufetwasneuesstoΟüen	19
Jmdm. etwas ersparen	Save s.o. s.th.	jmdmetwasersparen	17
Das sollte ein Witz sein.	I was attempting a joke.	dassollteeinwitzsein	20
Ein abgedroschener Witz	A corny joke	einabgedroschenerwitz	21
Ein Witz mit Bart	A corny joke	einwitzmitbart	14
Der Witz hat keine Pointe	The joke does not have a point	derwitzhatkeinepointe	21
Der Witz ist etwas anzΟΦglich/schlΟΦpfrig	The joke is a bit on the spicy side	derwitzistetwasanzΟΦglichschlΟΦpfrig	34
Ein Zeichen meiner Anerkennung	A token of my appreciation	einzeichenmeineranerkennung	27
Darauf trinke ich	IβÄôll drink to that	darauftrinkeich	15
In der Patsche sitzen	Be in the soup	inderpatschesitzen	18
In der Klemme sein/stecken	Be in the soup	inderklemmeseinstecken	22
Dampf ablassen	Let off steam	dampfablassen	13
(in einem GesprΟΛch) den Faden verlieren	Lose the thread of a conversation	ineinemgesprΟΛchdenfadenverlieren	32
Jmdm. in den SchoΟü fallen	Fall in s.o.βÄôs lap	jmdmindenschoΟüfallen	20
In welchem Zusammenhang?	In what connection?	inwelchemzusammenhang	21
Im Zusammenhang mit	In connection with	imzusammenhangmit	17
Es geht immer alles schief	Things always go wrong	esgehtimmerallesschief	22
Jmdm. ein Dorn im Auge sein	Be a thorn in s.o.βÄôs side/flesh	jmdmeindornimaugesein	21
Ein Problem unter den Teppich kehren	Brush a problem under the carpet	einproblemunterdenteppichkehren	31
So siehtβÄôs aus	ThatβÄôs the picture	sosiehtsaus	11
Mit einem Trick glΟΛnzen	Shine with a trick	miteinemtrickglΟΛnzen	20
Es ist eine Schande	ItβÄôs a disgrace	esisteineschande	16
Schande ΟΦber jmdn. bringen	Bring shame on s.o.	schandeΟΦberjmdnbringen	22
Lass es nicht an mir aus	DonβÄôt let/take it out on me	lassesnichtanmiraus	19
Seine Frustration an jmdm. auslassen	Take/let oneβÄôs frustration out on s.o.	seinefrustrationanjmdmauslassen	31
In seinem Element sein	Be in oneβÄôs element	inseinemelementsein	19
Er ist einer von uns	HeβÄôs one of ours/us	eristeinervonuns	16
Das Blatt hat sich gewendet	The tables are turned	dasblatthatsichgewendet	23
Was wΟΦnscht du dir zu Weihnachten?	What do you want for Christmas?	waswΟΦnschtdudirzuweihnachten	28
Man ist/wird nie zu alt fΟΦr Weihnachten	You never grow out of Christmas	manistwirdniezualtfΟΦrweihnachten	32
Hinter der Wahrheit her sein	Be after the truth	hinterderwahrheithersein	24
Die Wahrheit verzerren	Distort the truth	diewahrheitverzerren	20
Sich ΟΦbernehmen/ΟΦberschΟΛtzen	Bite up more than one can chew	sichΟΦbernehmenΟΦberschΟΛtzen	26
Sich davonschleichen	Sneak off	sichdavonschleichen	19
..., (so) wieβÄôs aussieht	..., by the look of it/things	sowiesaussieht	14
Sprachlos sein	Be stuck for words	sprachlossein	13
K-e Worte finden	Be stuck for words	kewortefinden	13
Hier siehtβÄôs aus wie im Schweinestall	This place looks like a pigsty	hiersiehtsauswieimschweinestall	31
Die Ο³rmel hochkrempeln	Roll up oneβÄôs sleeves	dieΟΛrmelhochkrempeln	20
Nur ΟΦber meine Leiche	Over my dead body	nurΟΦbermeineleiche	18
Jmdm. im Weg sein	Be under s.o.βÄôs feet // be in s.o.βÄôs way	jmdmimwegsein	13
Wie ich schnell feststellte	As I was quick to discover	wieichschnellfeststellte	24
Den Geist aufgeben	Give up the ghost	dengeistaufgeben	16
Noch in den Kinderschuhen stecken	Be still in oneβÄôs infancy	nochindenkinderschuhenstecken	29
Noch in den Windeln stecken	Be still in oneβÄôs nappies	nochindenwindelnstecken	23
Anwesende ausgenommen	Present company excluded	anwesendeausgenommen	20
Ehre, wem Ehre gebΟΦhrt.	Honour to whom honour is due.	ehrewemehregebΟΦhrt	18
Alles zu seiner Zeit.	All in good time.	alleszuseinerzeit	17
Ich habe freudige Nachrichten fΟΦr dich	I bring you tidings of great joy	ichhabefreudigenachrichtenfΟΦrdich	33
Zu meiner Freude	My joy	zumeinerfreude	14
Es ist nicht abzusehen, was ...	There is no telling what ...	esistnichtabzusehenwas	22
Blinder Eifer schadet nur.	Haste makes waste.	blindereiferschadetnur	22
Wir wollen / lasst uns nichts ΟΦberstΟΦrzen	DonβÄôt letβÄôs be hasty	wirwollenlasstunsnichtsΟΦberstΟΦrzen	34
Ο€bereile nichts	DonβÄôt rush it	ΟΦbereilenichts	14
Kleider machen Leute.	Clothes make the man.	kleidermachenleute	18
NΟΕrgler	Grumbler	nΟΕrgler	7
MΟΦrrisch	Grumpy	mΟΦrrisch	8
DΟΦster dreinblicken	Look sullen/sulky/gloomy/sombre	dΟΦsterdreinblicken	18
Guck nicht so mΟΦrrisch/verdrieΟülich.	DonβÄôt look so glum.	gucknichtsomΟΦrrischverdrieΟülich	31
HΟΕr auf zu nΟΕrgeln	Stop nagging	hΟΕraufzunΟΕrgeln	15
Sei nicht so schlafmΟΦtzig/langweilig	DonβÄôt be so stuffy	seinichtsoschlafmΟΦtziglangweilig	32
Es ist sehr muffig/stickig hier drin	ItβÄôs very stuffy in here	esistsehrmuffigstickighierdrin	30
Ich bin ganz/total ausgehungert	IβÄôm absolutely famished	ichbinganztotalausgehungert	27
(und) es kommt noch besser	And it gets better	undeskommtnochbesser	20
Es kommt noch schlimmer	Worse is to come // the news grows worse	eskommtnochschlimmer	20
... und um es noch schlimmer zu machen ...	And add insult to injury	undumesnochschlimmerzumachen	28
Ich bin zu allem bereit	IβÄôm game for everything/anything	ichbinzuallembereit	19
Ich bin fΟΦr alles zu haben	IβÄôm game for everything/anything	ichbinfΟΦralleszuhaben	21
Der Satz spricht BΟΛnde	That phrase speaks volumes	dersatzsprichtbΟΛnde	19
Die Geschichte gibt ihm recht	History gives him reason	diegeschichtegibtihmrecht	25
Alles deutet darauf hin, dass ...	All the signs are that ...	allesdeutetdaraufhindass	24
Es gibt bΟΕses Blut	There is bad blood	esgibtbΟΕsesblut	15
Wir haben schon so genug um die Ohren	We have enough on our plates as it is	wirhabenschonsogenugumdieohren	30
Das/es ist nicht seine Art	ItβÄôs not within his character // itβÄôs not his way // itβÄôs not like him	dasesistnichtseineart	21
Er ist absolut nicht der Typ dazu	ItβÄôs absolutely not in his nature	eristabsolutnichtdertypdazu	27
Schlauberger	Clever Dick	schlauberger	12
Er ist von der alten Schule	He is of the old school	eristvonderaltenschule	22
Jmdm. durch die Maschen gehen	Slip past s.o. // give s.o. the slip	jmdmdurchdiemaschengehen	24
Das ist nicht seine StΟΛrke	That is not his strength / strong point / forte	dasistnichtseinestΟΛrke	22
... geht vor ...	Comes first	gehtvor	7
Eine Erfrischung anbieten	Offer a refreshment	eineerfrischunganbieten	23
Findest du nicht?	DonβÄôt you find?	findestdunicht	14
Schilda - SchildbΟΦrger	Gotham - Gothamite	schildaschildbΟΦrger	19
Mein Geheimnis ist bei ihm sicher	My secret is safe with him	meingeheimnisistbeiihmsicher	28
Meine Knie wurden weich	My knees turned to jelly	meinekniewurdenweich	20
Jmds. Chancen bei jmdm.	S.o.βÄôs chances with s.o.	jmdschancenbeijmdm	18
Es geht doch nichts ΟΦber ...	Nothing like ..., is there?	esgehtdochnichtsΟΦber	20
Hereinplatzen	Barge in	hereinplatzen	13
Sich vordrΟΛngeln	Barge in	sichvordrΟΛngeln	15
Familienzuwachs bekommen	Have an addition to the family	familienzuwachsbekommen	23
Werdende Mutter	Expectant mother	werdendemutter	14
Alles lΟΛcherlich machen	Make everything a joke	alleslΟΛcherlichmachen	21
Sich im Grabe umdrehen	Roll/turn in oneβÄôs grave	sichimgrabeumdrehen	19
Jmdn. ins Grab bringen	Put s.o. in his grave	jmdninsgrabbringen	18
Das musst du beurteilen	That is up to you to judge	dasmusstdubeurteilen	20
Die letzten HΟΦrden nehmen	Clear the last hurdles	dieletztenhΟΦrdennehmen	22
GroΟüe Anstrengungen unternehmen, um etwas zu tun	Go to great lengths to do s.th.	groΟüeanstrengungenunternehmenumetwaszutun	41
Alles daransetzen, etwas zu tun	Go out of oneβÄôs way to do s.th.	allesdaransetzenetwaszutun	26
Das geht ΟΦber meinen Verstand	ThatβÄôs beyond my comprehension // thatβÄôs beyond me	dasgehtΟΦbermeinenverstand	25
Es ist unglaublich	It is beyond belief	esistunglaublich	16
Soweit ich weiΟü	The best of my knowledge, as far as I know	soweitichweiΟü	13
Das zweifelhafte VergnΟΦgen haben, etwas zu tun	Have the dubious delights/pleasure of doing s.th.	daszweifelhaftevergnΟΦgenhabenetwaszutun	39
Liebling, hab ein Herz	Darling, have a heart	lieblinghabeinherz	18
Ich werde daraus nicht schlau	I canβÄôt make head or tail of it	ichwerdedarausnichtschlau	25
Er ist etwas wack(e)lig auf den Beinen	HeβÄôs a bit wobbly on his legs	eristetwaswackeligaufdenbeinen	30
Ein groΟües Risiko eingehen	Take a big/great risk	eingroΟüesrisikoeingehen	23
Viel wagen	Take a big/great risk	vielwagen	9
Jmdm. in die HΟΛnde spielen	Play into s.o.βÄôs hands // play ball with s.o.	jmdmindiehΟΛndespielen	21
Es liegt in deinen HΟΛnden	It lies in your hands	esliegtindeinenhΟΛnden	21
Sie hΟΕren von uns. Sie werden von uns hΟΕren.	YouβÄôll be hearing from us.	siehΟΕrenvonunssiewerdenvonunshΟΕren	34
Jmdm. den Boden unter den FΟΦΟüen wegziehen	Pull the rug out from under s.o.	jmdmdenbodenunterdenfΟΦΟüenwegziehen	34
MΟΕchten Sie etwas trinken?	Would you care for a drink?	mΟΕchtensieetwastrinken	22
Ein Versuch kostet nichts	There is no harm in trying	einversuchkostetnichts	22
Das Land geht vor die Hunde	The country is going to the dogs	daslandgehtvordiehunde	22
Vergeben und vergessen	Forgive and forget	vergebenundvergessen	20
Jmdn. anmachen	Mess with s.o.	jmdnanmachen	12
Eine Frau anquatschen/anmachen	Chat up a woman	einefrauanquatschenanmachen	27
Jmdm. einen Korb geben	Turn s.o. down	jmdmeinenkorbgeben	18
Seine Frau betrΟΦgen	Cheat on oneβÄôs wife	seinefraubetrΟΦgen	17
Seiner Frau davonlaufen	Run out on oneβÄôs wife	seinerfraudavonlaufen	21
Meine Alte	My old woman	meinealte	9
Sie sind ein recht ungleiches Paar	They are a pretty uneven match	siesindeinrechtungleichespaar	29
Zwei Menschen auseinanderbringen	Break up two persons	zweimenschenauseinanderbringen	30
Zwei Leute wieder zusammenbringen	Patch up things between two people	zweileutewiederzusammenbringen	30
Eine Ehe zerbricht	A marriage breaks up	eineehezerbricht	16
Die Belastung ihrer Ehe	The cost to their marriage	diebelastungihrerehe	20
Sich die Zeit vertreiben	While away the hours	sichdiezeitvertreiben	21
Zeit schinden	Play for time	zeitschinden	12
VerzΟΕgerungstaktik	Delaying tactics	verzΟΕgerungstaktik	18
Keine AblenkungsmanΟΕver!	No red herrings!	keineablenkungsmanΟΕver	22
Etwas aus reiner Gewohnheit tun	Do s.th. out of pure habit	etwasausreinergewohnheittun	27
In aller Bescheidenheit	In all modesty	inallerbescheidenheit	21
In schlechte Gesellschaft geraten	Get into bad company	inschlechtegesellschaftgeraten	30
Das ist verdammt anstΟΛndig von Ihnen	ThatβÄôs damn decent of you	dasistverdammtanstΟΛndigvonihnen	31
Es wird dir wieder einfallen	It will come back to you	eswirddirwiedereinfallen	24
Seine Figur halten	Keep oneβÄôs figure	seinefigurhalten	16
Ich werde nichts dergleichen tun	I will do nothing of the kind	ichwerdenichtsdergleichentun	28
Das muss genΟΦgen	That will have to do	dasmussgenΟΦgen	14
Wer wagt, gewinnt.	Who dares, wins.	werwagtgewinnt	14
Jmdm. die TΟΦr vor der Nase zuknallen	Slam the door in s.o.βÄôs face	jmdmdietΟΦrvordernasezuknallen	29
Genau gesagt	Be precise	genaugesagt	11
Eins muss ich dir lassen	I have to / must say one thing for you	einsmussichdirlassen	20
Ein GedΟΛchtnis wie ein Sieb	A memory like a sieve	eingedΟΛchtniswieeinsieb	23
Es ist nicht so schlimm wie es aussieht	ItβÄôs not as bad as it looks	esistnichtsoschlimmwieesaussieht	32
Im Bereich des MΟΕglichen sein	Be within the bounds of possibility	imbereichdesmΟΕglichensein	25
Ich komme zurecht	I get by	ichkommezurecht	15
Den Hund ausfΟΦhren	Walk the dog	denhundausfΟΦhren	16
StraΟüenkΟΕter	Mongrel from the gutter	straΟüenkΟΕter	12
Bei FuΟü!	Heel!	beifuΟü	6
Rufen Sie Ihren Hund zurΟΦck!	Call your dog off!	rufensieihrenhundzurΟΦck	23
Der Hund hat eine Spur aufgenommen	The dog picked up a scent	derhundhateinespuraufgenommen	29
Brrr! Nicht so schnell.	Whoa there! Not so fast.	brrrnichtsoschnell	18
Lass Gott aus dem Spiel	DonβÄôt bring God into it	lassgottausdemspiel	19
Im Umgang mit Kindern eine feste Hand haben	Have a firm hand with children	imumgangmitkinderneinefestehandhaben	36
Was sollen wir von ... halten?	What are we to make of ...?	wassollenwirvonhalten	21
Die Henkersmahlzeit	The condemned manβÄôs breakfast // the last meal of the condemned man	diehenkersmahlzeit	18
Sich selbst ΟΦbertreffen	Surpass/outdo/excel o.s.	sichselbstΟΦbertreffen	21
Jmdn. verΟΛppeln	Josh s.o.	jmdnverΟΛppeln	13
K-n Finger rΟΦhren	Not to lift a finger	knfingerrΟΦhren	14
HΟΦte deine Zunge	Guard your tongue	hΟΦtedeinezunge	14
Wo ein Wille ist, ist auch ein Weg.	Where thereβÄôs a will, thereβÄôs a way.	woeinwilleististaucheinweg	26
Ich verdiene hier die BrΟΕtchen	IβÄôm the breadwinner round here	ichverdienehierdiebrΟΕtchen	26
Ich habe es mir zur Regel gemacht ...	It make it a rule ...	ichhabeesmirzurregelgemacht	27
Auf taube Ohren stoΟüen	Fall on deaf ears	auftaubeohrenstoΟüen	19
Vom UnglΟΦck/Pech verfolgt sein	Be dogged by bad luck	vomunglΟΦckpechverfolgtsein	26
Durch reines/schieres GlΟΦck	Through sheer luck	durchreinesschieresglΟΦck	24
Sein GlΟΦck war von kurzer Dauer	His happiness was short-lived	seinglΟΦckwarvonkurzerdauer	26
Ο€berraschungsmoment	Element of surprise	ΟΦberraschungsmoment	19
Seinem Ruf gerecht werden	Live up to oneβÄôs reputation	seinemrufgerechtwerden	22
Entschuldigen Sie, dass ich frage	Pardon me for asking // excuse my asking	entschuldigensiedassichfrage	28
GlΟΦck im Spiel, Pech in der Liebe.	Lucky at cards, unlucky in love.	glΟΦckimspielpechinderliebe	26
Liebesnest	Love nest	liebesnest	10
Sich unsterblich verlieben	Fall everlastingly in love	sichunsterblichverlieben	24
Liebe auf den ersten Blick	Love at first sight	liebeaufdenerstenblick	22
UnglΟΦckliche Liebe	Unrequited love	unglΟΦcklicheliebe	17
Liebeskummer haben	Be love-sick	liebeskummerhaben	17
SchΟΦrzenjΟΛger	Philanderer: a man who has sex with many women, without intending to have any serious relationships	schΟΦrzenjΟΛger	13
SchΟΛker	Philanderer: a man who has sex with many women, without intending to have any serious relationships	schΟΛker	7
Den Frauen nachlaufen	Philander	denfrauennachlaufen	19
SchΟΛkern	Philander	schΟΛkern	8
Poussieren	Philander	poussieren	10
SchΟΛkern	Gallivant	schΟΛkern	8
Flirten	Gallivant	flirten	7
Sich herumtreiben	Gallivant	sichherumtreiben	16
Sich amΟΦsieren	Gallivant	sichamΟΦsieren	13
Das wΟΛre ihm eine Lehre	That would teach him	daswΟΛreihmeinelehre	19
Haben Sie kein TaktgefΟΦhl?	Have you no tact?	habensiekeintaktgefΟΦhl	22
TrΟΕdel nicht auf dem Weg	DonβÄôt dilly-dally on the way	trΟΕdelnichtaufdemweg	20
Schwanken	Shilly-shally	schwanken	9
ZΟΕgern	Shilly-shally	zΟΕgern	6
Sich nicht entscheiden kΟΕnnen	Shilly-shally	sichnichtentscheidenkΟΕnnen	26
Du bist ein Kriecher	You are a crawler	dubisteinkriecher	17
Seine Tage sind gezΟΛhlt	His days are numbered	seinetagesindgezΟΛhlt	20
Es fΟΦhrt kein Weg daran vorbei	There is no way around it	esfΟΦhrtkeinwegdaranvorbei	25
Wie gingβÄôs denn? βÄ™ Wie am SchnΟΦrrchen.	How did it go then? βÄ™ Like clockwork.	wiegingsdennwieamschnΟΦrrchen	28
Wenn alles planmΟΛΟüig verlΟΛuft	If all goes to plan	wennallesplanmΟΛΟüigverlΟΛuft	26
Man tut, was man kann.	One does what one can.	mantutwasmankann	16
Man bemΟΦht sich halt. Man tut halt sein Bestes.	One tries.	manbemΟΦhtsichhaltmantuthaltseinbestes	37
Er kann nicht verlieren	He cannot lose well // he is a hard loser	erkannnichtverlieren	20
Er ist ein schlechter Verlierer	He cannot lose well // he is a hard loser	eristeinschlechterverlierer	27
Das ist Neuland fΟΦr mich	That is new territory for me	dasistneulandfΟΦrmich	20
Wie durch Zauberei	As if by magic	wiedurchzauberei	16
Ο€berbleibsel	Left-over(s)	ΟΦberbleibsel	12
Ein Relikt der Vergangenheit	A relic of the past	einreliktdervergangenheit	25
Das Kind mit dem Bade ausschΟΦtten	Throw out the baby with the bathwater	daskindmitdembadeausschΟΦtten	28
Wie angewurzelt stehen bleiben	Be rooted to the spot	wieangewurzeltstehenbleiben	27
Gerade (noch) rechtzeitig	In the nick of time	geradenochrechtzeitig	21
Ich habe heute keinen guten Tag	This is not my day today	ichhabeheutekeinengutentag	26
Wir haben alle mal einen schlechten Tag	We all have our off days	wirhabenallemaleinenschlechtentag	33
Sie kΟΕnnen uns nicht das Wasser reichen	They cannot hold a candle to us	siekΟΕnnenunsnichtdaswasserreichen	33
Nichts sein gegen	Have nothing on	nichtsseingegen	15
Es wΟΦrde nicht sehr gut ankommen	It would not go down very well	eswΟΦrdenichtsehrgutankommen	27
Bei jmdm. Anklang finden	Strike a sympathetic chord with s.o.	beijmdmanklangfinden	20
Sind das nicht voreilige SchlΟΦsse?	ArenβÄôt you jumping to conclusions?	sinddasnichtvoreiligeschlΟΦsse	29
Mit etwas kurzen Proze machen	Give short shrift to s.th.	mitetwaskurzenprozemachen	25
Jmdn. auf Herz und nieren prΟΦfen	Vet s.o.	jmdnaufherzundnierenprΟΦfen	26
Er und seinesgleichen	He and his ilk	erundseinesgleichen	19
FΟΦr Menschen wie mich	For the likes of me	fΟΦrmenschenwiemich	18
Traurige BerΟΦhmtheit erlangen	Achieve notoriety	traurigeberΟΦhmtheiterlangen	27
Vorbeugen ist besser als Heilen.	Prevention is better than cure.	vorbeugenistbesseralsheilen	27
Vorsicht ist die Mutter der Weisheit/Porzellankiste.	Better (to be) safe than sorry.	vorsichtistdiemutterderweisheitporzellankiste	45
Ein Tropfen auf den heiΟüen Stein	A drop in the ocean/bucket	eintropfenaufdenheiΟüenstein	27
In die eigene Tasche greifen	Delve into oneβÄôs own pocket	indieeigenetaschegreifen	24
Da stimmt etwas nicht	ThereβÄôs something amiss // something is wrong	dastimmtetwasnicht	18
Die Ursachen bleiben im Dunkeln	The causes remain murky	dieursachenbleibenimdunkeln	27
Phantasieprodukt	Figment of imagination	phantasieprodukt	16
Reine Einbildung	Figment of imagination	reineeinbildung	15
Einen Schatten werfen	Cast a shadow	einenschattenwerfen	19
Streitlustig	Spoiling for a fight	streitlustig	12
Sich absichern	Hedge oneβÄôs bets	sichabsichern	13
Wenn das Wetter mitspielt	Weather permitting	wenndaswettermitspielt	22
Wenn das Wetter es erlaubt	Weather permitting	wenndaswettereserlaubt	22
Der Inbegriff von	The epitome of	derinbegriffvon	15
... ist ein Synonym fΟΦr ...	... is a byword for ...	isteinsynonymfΟΦr	16
Der Name ... ist ein Synonym fΟΦr ...	The name ... is synonymous with ...	dernameisteinsynonymfΟΦr	23
Halsbrecherisch	Breakneck	halsbrecherisch	15
Im Sande verlaufen	Fizzle out // come to nothing	imsandeverlaufen	16
Wie das Hornberger SchieΟüen ausgehen	Fizzle out // come to nothing	wiedashornbergerschieΟüenausgehen	32
Wenn es dazu kommen sollte	If it were to come to pass	wennesdazukommensollte	22
Jmdn. in die Knie zwingen	Bring s.o. to his knees	jmdnindiekniezwingen	20
Jmdn. gefΟΦgig machen	Bring s.o. to heel	jmdngefΟΦgigmachen	17
Jmdn. zur RΟΛson/Raison bringen	Bring s.o. to heel	jmdnzurrΟΛsonraisonbringen	25
Eigenlob stinkt!	Self-praise is no recommendation! // DonβÄôt blow your own trumpet!	eigenlobstinkt	14
Sich auf die Schulter klopfen	Pad o.s. on the back	sichaufdieschulterklopfen	25
Mit einem Schlag	In a single stroke	miteinemschlag	14
Eine heilige Kuh	A sacred cow	eineheiligekuh	14
Ich habβÄôs wirklich eilig	I really must fly // IβÄôm really in a hurry	ichhabswirklicheilig	20
Ich muss mich wirklich beeilen	I really must fly // IβÄôm really in a hurry	ichmussmichwirklichbeeilen	26
Wir reden nicht miteinander	We are not speaking	wirredennichtmiteinander	24
Jmdn. verraten	Blow the whistle on s.o.	jmdnverraten	12
Die HΟΕlle war los	There was pandemonium	diehΟΕllewarlos	14
Eingeweiht sein	Be in the know	eingeweihtsein	14
Meine Brille beschlΟΛgt	My glasses are steaming up	meinebrillebeschlΟΛgt	20
"Etwas ""drehen""/""deichseln""/""schaukeln"""	Wangle s.th.	etwasdrehendeichselnschaukeln	29
Jmdm. etwas abluchsen	Wangle s.th. out of s.o.	jmdmetwasabluchsen	18
Jmdn. hereinlegen	Have s.o. on // trick s.o.	jmdnhereinlegen	15
Hinters Licht fΟΦhren	Hoodwink	hinterslichtfΟΦhren	18
TΟΛuschen	Hoodwink	tΟΛuschen	8
Jmdn. herauswerfen	Turf/chuck/kick s.o. out slang	jmdnherauswerfen	16
Sein Gewissen erleichtern	Ease oneβÄôs conscience	seingewissenerleichtern	23
Sich etwas von der Seele reden	Make a clean breast of s.th.	sichetwasvonderseelereden	25
Die Zeit heilt alle Wunden.	Time heels all wounds.	diezeitheiltallewunden	22
Hass sΟΛen	Sow the seed of hatred	hasssΟΛen	8
Wer Wind sΟΛt, wird Sturm ernten.	Sow the wind and reap the whirlwind.	werwindsΟΛtwirdsturmernten	25
Was ihr sΟΛt, das sollt ihr ernten.	As you sow so you shall reap.	wasihrsΟΛtdassolltihrernten	26
Es wird ihnen nicht gesagt, was sie erwartet	They are not told what is in store for them	eswirdihnennichtgesagtwassieerwartet	36
Einen Vorschlag vorlegen/vortragen	Propound a proposal	einenvorschlagvorlegenvortragen	31
VorschlΟΛge vom Tisch fegen	Wipe proposals from the table	vorschlΟΛgevomtischfegen	23
Enge/weite Auslegung	Narrow/loose interpretation	engeweiteauslegung	18
Vor jmds. geistigen Auge	In s.o.βÄôs mindβÄôs eye	vorjmdsgeistigenauge	20
Das ist vergleichsweise einfach	That is easy by comparison	dasistvergleichsweiseeinfach	28
Streitpunkt	Point of contention	streitpunkt	11
Einer Sache Herr werden	Get on top of a problem	einersacheherrwerden	20
Mit allen Problemen fertigwerden	Lick all problems	mitallenproblemenfertigwerden	29
Etwas in den Griff bekommen	Come to grips with s.th.	etwasindengriffbekommen	23
Sich mit seinem Erbe auseinandersetzen	Come to grips with oneβÄôs heritage	sichmitseinemerbeauseinandersetzen	34
Das ist die Preisfrage	ThatβÄôs the $ 64-000 question	dasistdiepreisfrage	19
Daseinsberechtigung	Raison dβÄôLtre	daseinsberechtigung	19
Es hat nicht viel Sinn, etwas zu tun	There isnβÄôt much point in doing s.th.	eshatnichtvielsinnetwaszutun	28
Nicht jeder findet Geschmack an	Not everybody has a taste for	nichtjederfindetgeschmackan	27
Zu warm fΟΦr meinen Geschmack	Too warm for my taste	zuwarmfΟΦrmeinengeschmack	24
Geschmacksache	Matter of taste	geschmacksache	14
Ο€ber Geschmack lΟΛsst sich nicht streiten.	Taste is a matter of taste.	ΟΦbergeschmacklΟΛsstsichnichtstreiten	35
Einen guten Geschmack haben	Have good taste	einengutengeschmackhaben	24
Nur gut, dass ...	A good thing that ...	nurgutdass	10
Dem Fortschritt im Wege stehen	Stand in the way of progress	demfortschrittimwegestehen	26
So ungern ich es/das auch zugebe	Much as I hate to admit it	soungernichesdasauchzugebe	26
Bis auf weiteres	Until further notice	bisaufweiteres	14
Wunder Punkt	Sore point	wunderpunkt	11
Dein Wunsch ist mir Befehl	Your wish is my command	deinwunschistmirbefehl	22
Dein Wort ist mir Befehl	Your word is my command	deinwortistmirbefehl	20
Du hast die entscheidende Stimme	You have the casting vote	duhastdieentscheidendestimme	28
Sei (doch) nicht so.	DonβÄôt be like that.	seidochnichtso	14
Das stellt alles auf den Kopf	This stands things on their head	dasstelltallesaufdenkopf	24
Wiederholung hat noch nie (jemandem) geschadet	Repetition never did anyone any harm	wiederholunghatnochniejemandemgeschadet	39
Abkratzen	Snuff it	abkratzen	9
Jmdm. etwas aufzwingen	Force s.th. on s.o.	jmdmetwasaufzwingen	19
Das ist Wucher/Nepp	ThatβÄôs a rip-off	dasistwuchernepp	16
HΟΕr auf zu jammern	Stop whining	hΟΕraufzujammern	15
Er wird Ο³rger machen	He is going to be trouble	erwirdΟΛrgermachen	17
Jmdn. bemuttern	Mother s.o.	jmdnbemuttern	13
Geteiltes Leid ist halbes Leid.	A trouble shared is a trouble halved.	geteiltesleidisthalbesleid	26
Das ist Ansichtssache	ThatβÄôs a matter of opinion	dasistansichtssache	19
Brot und Spiele	Bread and circuses	brotundspiele	13
Macht der Gewohnheit.	Force of habit.	machtdergewohnheit	18
Die Stimme der Vernunft	The voice of reason	diestimmedervernunft	20
Eine MΟΦnze werfen	Flip/toss a coin	einemΟΦnzewerfen	15
Etwas an die groΟüe Glocke hΟΛngen	Shout s.th. from the rooftop	etwasandiegroΟüeglockehΟΛngen	27
Alte Schrulle/Schachtel	Old bag	alteschrulleschachtel	21
Jmdn. unter seine Fittiche nehmen	Take s.o. under oneβÄôs wing	jmdnunterseinefittichenehmen	28
Man nennt ihn nicht umsonst ...	They donβÄôt call him ... for nothing	mannenntihnnichtumsonst	23
Danke fΟΦr das Stichwort.	Thanks for the cue.	dankefΟΦrdasstichwort	20
Sich anregen lassen von	Take cues from	sichanregenlassenvon	20
Sich Anregungen holen von	Take cues from	sichanregungenholenvon	22
Ein zweischneidiges Schwert	A double-edged sword	einzweischneidigesschwert	25
Vor seiner Verantwortung kneifen	Shy away from oneβÄôs responsibility // shirk oneβÄôs responsibility	vorseinerverantwortungkneifen	29
Sich vor etwas nicht drΟΦcken	Make no bones about s.th.	sichvoretwasnichtdrΟΦcken	24
Sich etwas merken	Make a note of s.th.	sichetwasmerken	15
Sich etwas klarmachen	Realize s.th. // become aware of s.th.	sichetwasklarmachen	19
Sich ΟΦber etwas klarwerden	Realize s.th. // become aware of s.th.	sichΟΦberetwasklarwerden	23
Es mit jmdm. aufnehmen	Take s.o. on	esmitjmdmaufnehmen	18
Gegen einen Sportler antreten	Take on a sportsman	gegeneinensportlerantreten	26
Die Absicht / der Gedanke / es liegt mir fern	Nothing is further from my mind	dieabsichtdergedankeesliegtmirfern	34
Langsam aber sicher	Slowly but surely	langsamabersicher	17
In seinen kΟΦhnsten TrΟΛumen	In his wildest dreams	inseinenkΟΦhnstentrΟΛumen	23
Einen Alleingang versuchen	Try to go it alone	einenalleingangversuchen	24
Es allein schaffen	Go it alone	esalleinschaffen	16
Ich bin im BΟΦro aufgehalten worden	I got tied up at the office	ichbinimbΟΦroaufgehaltenworden	29
Tief/zutiefst erschΟΦttert	Deeply/extremely shocked	tiefzutiefsterschΟΦttert	23
Mit Trauer erfΟΦllt	Saddened	mittrauererfΟΦllt	16
Knausern mit	Skimp/scrimp on	knausernmit	11
Sparen bei	Skimp/scrimp on	sparenbei	9
Mit dem Gedanken spielen, etwas zu tun	Toy with the idea of doing s.th.	mitdemgedankenspielenetwaszutun	31
In unerreichbarer Ferne sein	Be beyond grasp	inunerreichbarerfernesein	25
Er ist eine Null	He is a nonentity	eristeinenull	13
Er ist ein unbedeutender Mensch	He is a nonentity	eristeinunbedeutendermensch	27
Dort bin ich jemand.	There I am a somebody.	dortbinichjemand	16
Wirrkopf	Scatterbrain	wirrkopf	8
Eine SchwΟΛche fΟΦr jmdn. haben	Have a weak spot for s.o.	eineschwΟΛchefΟΦrjmdnhaben	24
Jmds. schwacher Punkt	The chink in s.o.βÄôs armour	jmdsschwacherpunkt	18
Der Teufel steckt im Detail	The devil is in the detail(s)	derteufelstecktimdetail	23
Das Pferd am/beim Schwanz aufzΟΛumen	Put the cart before the horse	daspferdambeimschwanzaufzΟΛumen	30
Ich sehe was, was du nicht siehst ...	I (can) spy with my little eye ...	ichsehewaswasdunichtsiehst	26
Mir wird langsam klar, dass ...	It slowly dawns on me that ...	mirwirdlangsamklardass	22
Es dΟΛmmert mir langsam, dass ...	It slowly dawns on me that ...	esdΟΛmmertmirlangsamdass	23
Es dΟΛmmert ihm langsam	ItβÄôs percolating through to him	esdΟΛmmertihmlangsam	19
Ein ruhiger Job	A cushy job	einruhigerjob	13
FΟΦr 20 Dollar bekommt man nichts	20 dollars doesnβÄôt go anywhere	fΟΦrdollarbekommtmannichts	25
Das hilft uns nicht weiter	It wonβÄôt get us anywhere	dashilftunsnichtweiter	22
Wie durch ein Wunder gerettet	Miraculously saved	wiedurcheinwundergerettet	25
Einer Sache knapp entgehen/entkommen	Escape s.th. by the skin of oneβÄôs teeth	einersacheknappentgehenentkommen	32
Widerspruch in sich (selbst)	Contradiction in terms	widerspruchinsichselbst	23
Aus dem Kaffeesatz lesen	Read the coffee grounds	ausdemkaffeesatzlesen	21
In die Zukunft sehen	Gaze into the crystal ball	indiezukunftsehen	17
Sie ist wieder ganz die alte	She is back to her old self again	sieistwiederganzdiealte	23
Ich will damit nichts zu tun haben	I want no part of this	ichwilldamitnichtszutunhaben	28
Wer sagt/behauptet das?	Who says (so)?	wersagtbehauptetdas	19
UnbekΟΦmmert	Blithe	unbekΟΦmmert	11
Wie er so schΟΕn dargestellt/gesagt hat	As he blithely pointed out	wieersoschΟΕndargestelltgesagthat	32
Dein Leben hΟΛngt an einem seidenen Faden	Your life is hanging by a thread	deinlebenhΟΛngtaneinemseidenenfaden	34
Nichts taugen	Not to be worth oneβÄôs salt	nichtstaugen	12
Keinen Schuss Pulver wert sein	Not to be worth oneβÄôs salt	keinenschusspulverwertsein	26
Wo gehobelt wird, (da) fallen SpΟΛne.	You canβÄôt make an omelette without breaking eggs.	wogehobeltwirddafallenspΟΛne	27
Es ist nicht doll	ItβÄôs no great shakes	esistnichtdoll	14
Es ist nicht weit her damit	ItβÄôs no great shakes	esistnichtweitherdamit	22
Beides ist nicht mΟΕglich	You canβÄôt have it both ways	beidesistnichtmΟΕglich	21
Man kann nicht beides haben	You canβÄôt have it both ways	mankannnichtbeideshaben	23
Sein Versprechen zurΟΦcknehmen	Go back on oneβÄôs promise	seinversprechenzurΟΦcknehmen	27
Jmdm. die Zunge herausstrecken	Stick oneβÄôs tongue out on s.o.	jmdmdiezungeherausstrecken	26
Er muss immer im Mittelpunkt stehen	He always has to be the centre of attention	ermussimmerimmittelpunktstehen	30
Du musst immer im Mittelpunkt stehen, nicht wahr?	You always have to be the centre of attention, donβÄôt you?	dumusstimmerimmittelpunktstehennichtwahr	40
Das Ende vom Lied war, dass ...	The upshot of it was that ...	dasendevomliedwardass	21
Als Bester abschneiden	Come out top	alsbesterabschneiden	20
Etwas zum Essen auftreiben	Rustle s.th. up for lunch/dinner	etwaszumessenauftreiben	23
Schnorren, nassauern	(be on the) scrounge // sponge	schnorrennassauern	18
Die Natur war uns nie wohlgesonnen	Nature never smiled on us	dienaturwarunsniewohlgesonnen	29
Wenn es hart auf hart kommt	When push comes to shove	wenneshartaufhartkommt	22
Schlimmstenfalls	If the worst comes to the worst	schlimmstenfalls	16
Eins kam zum anderen	One thing led to another	einskamzumanderen	17
Was gibtβÄôs zum Nachttisch?	WhatβÄôs for dessert/afters?	wasgibtszumnachttisch	21
Die Dinge schluren lassen	Let things slide	diedingeschlurenlassen	22
Ich habe keinen Einfluss darauf	IβÄôve no say in the matter	ichhabekeineneinflussdarauf	27
Ich hatte nie einen Augenblick fΟΦr mich	I never had a moment to myself	ichhattenieeinenaugenblickfΟΦrmich	33
Er hat seine Schuldigkeit getan	He has served his purpose	erhatseineschuldigkeitgetan	27
Sich verrΟΦckt machen	Make o.s. crazy	sichverrΟΦcktmachen	18
Ein vernichtender Blick	A withering look	einvernichtenderblick	21
Wenn Blicke tΟΕten kΟΕnnten ...	If looks could kill ...	wennblicketΟΕtenkΟΕnnten	22
Ein Mann von Welt sein	Be a man of the world	einmannvonweltsein	18
Ein MΟΛdchen vom Lande	A country girl	einmΟΛdchenvomlande	18
Einer Sache WΟΦrze geben	Spice s.th. up	einersachewΟΦrzegeben	20
Jmdm. einen schlechten Dienst erweisen	Do a disservice to s.o.	jmdmeinenschlechtendiensterweisen	33
Sich die Finger wundschreiben	Work oneβÄôs fingers to the bones	sichdiefingerwundschreiben	26
Am Platze sein	Be called for	amplatzesein	12
Erforderlich sein	Be called for	erforderlichsein	16
Fehl am Platz(e) sein	Be out of place	fehlamplatzesein	16
Sich eine blutige Nase holen	Receive a bloody nose	sicheineblutigenaseholen	24
WissenslΟΦcken	Gaps in knowledge	wissenslΟΦcken	13
Es liegt auf der Hand	ItβÄôs evident	esliegtaufderhand	17
HΟΕflich, aber bestimmt	Politely but firmly	hΟΕflichaberbestimmt	19
Gehen Sie zu egal welcher Konferenz.	Go to any conference.	gehensiezuegalwelcherkonferenz	30
Keine Kosten scheuen	Spare no expense	keinekostenscheuen	18
Mit einem Schlag	At/in one (fell) swoop	miteinemschlag	14
Den Stein ins Rollen bringen	Open the floodgates	densteininsrollenbringen	24
TΟΦr und Tor ΟΕffnen	Open the floodgates	tΟΦrundtorΟΕffnen	15
Ich werde noch mal meinen Kopf vergessen.	IβÄôll forget my head next.	ichwerdenochmalmeinenkopfvergessen	34
Auf Draht sein	Be up to snuff	aufdrahtsein	12
FΟΛhig sein	Be up to snuff	fΟΛhigsein	9
Jubel	Revelry	jubel	5
Trubel	Revelry	trubel	6
Rummel	Revelry	rummel	6
Wirbel	Ballyhoo	wirbel	6
Trara	Ballyhoo	trara	5
Tamtam	Ballyhoo	tamtam	6
Getue	Ballyhoo	getue	5
Es ist mehr als nur das	There is more to it (than that)	esistmehralsnurdas	18
Auf Schritt und Tritt	At every turn	aufschrittundtritt	18
Sich ΟΦber etwas aufregen	Get excited / worked up over s.th.	sichΟΦberetwasaufregen	21
Ganz allgemein gesagt/gesprochen	Very broadly speaking	ganzallgemeingesagtgesprochen	29
Da mag schon etwas dran sein.	There may/might be something in/to it.	damagschonetwasdransein	23
An seinen Argumenten ist etwas dran	He has something	anseinenargumentenistetwasdran	30
Sein Argument entbehrt nicht einer gewissen Logik	There is some logic to his argument	seinargumententbehrtnichteinergewissenlogik	43
An dem, was du sagst, ist etwas dran	ThereβÄôs something in what you say	andemwasdusagstistetwasdran	27
Sich die Radieschen von unten ansehen	Push up the daisies	sichdieradieschenvonuntenansehen	32
Er hat einen Komplex	HeβÄôs got a chip	erhateinenkomplex	17
Es kommt darauf an	It all depends	eskommtdaraufan	15
Anstandshalber sollte ich hinzufΟΦgen	In all fairness I should add	anstandshalbersollteichhinzufΟΦgen	33
Es war nur gut so	It was a blessing in disguise	eswarnurgutso	13
Es war GlΟΦck im UnglΟΦck	It was a blessing in disguise	eswarglΟΦckimunglΟΦck	19
Die Hosen anhaben	Wear the pants/breeches	diehosenanhaben	15
Streber	Swat	streber	7
Etwas dick auftragen	Lay it on a bit thick	etwasdickauftragen	18
Etwas fΟΦr gewΟΕhnliche Sterbliche ΟΦbersetzen	Translate s.th. for lesser mortals	etwasfΟΦrgewΟΕhnlichesterblicheΟΦbersetzen	39
Kaffee an sich ist nicht schlecht	There is nothing wrong with coffee as such / in itself / per se	kaffeeansichistnichtschlecht	28
Bei nΟΛherer Ο€berlegung	On second thoughts	beinΟΛhererΟΦberlegung	20
Jmdn. enttΟΛuschen	Let s.o. down	jmdnenttΟΛuschen	15
Aus erster Quelle	Straight from the horseβÄôs mouth	ausersterquelle	15
Ein himmelweiter Unterschied	A hell of a difference	einhimmelweiterunterschied	26
..., sagte er verΟΛchtlich	..., he said with a sneer	sagteerverΟΛchtlich	18
Der Aufzug ist proppenvoll	The lift is brimful	deraufzugistproppenvoll	23
Lunte riechen	Smell a rat	lunteriechen	12
Sich durchwursteln	Muddle through	sichdurchwursteln	17
Er versuchte einzulenken / zu beschwichtigen	He tried to smooth over	erversuchteeinzulenkenzubeschwichtigen	38
Ganz zu schweigen von ...	Say nothing of ... // let alone ...	ganzzuschweigenvon	18
Um den heiΟüen Brei herumreden	Beat about the bush	umdenheiΟüenbreiherumreden	25
Manchen Leuten ist (eben) nicht zu helfen.	Suffer fools gladly.	manchenleutenistebennichtzuhelfen	33
Mit etwas etepetete sein	Be priggish about s.th.	mitetwasetepetetesein	21
Bei jmdm. vorbeischauen	Call round // pop in	beijmdmvorbeischauen	20
Ich werde mal (bei dir) vorbeischauen.	IβÄôll be calling round.	ichwerdemalbeidirvorbeischauen	30
HerumtΟΕnen	Bleat (about s.th.)	herumtΟΕnen	10
Die WΟΛnde hochgehen	Climb the wall	diewΟΛndehochgehen	17
Lass sie nicht aus den Augen.	DonβÄôt take your eyes off them.	lasssienichtausdenaugen	23
Er hat von Anfang an gewusst, worum es ging.	HeβÄôs been in on it since the inception.	erhatvonanfangangewusstworumesging	34
Aus LeibeskrΟΛften brΟΦllen	Shout at the top of oneβÄôs voice	ausleibeskrΟΛftenbrΟΦllen	23
Flatterhafte Person	Flibbertigibbet	flatterhafteperson	18
"""Irrwisch"" derogatory"	Flibbertigibbet	irrwischderogatory	18
Ich habe Ihren Namen nicht verstanden.	I didnβÄôt catch your name.	ichhabeihrennamennichtverstanden	32
Falscher Fuffziger Person	Welsher slang	falscherfuffzigerperson	23
Komm zur Besinnung. Werde vernΟΦnftig.	Come to your senses.	kommzurbesinnungwerdevernΟΦnftig	31
Die GΟΕtter gnΟΛdig stimmen	Propitiate the Gods	diegΟΕttergnΟΛdigstimmen	22
Abhauen	Scram // bunk off	abhauen	7
Sich dΟΦnnemachen	Make o.s. scarce	sichdΟΦnnemachen	15
Gut miteinander auskommen	Get along well together	gutmiteinanderauskommen	23
Ihr werdet euch prima verstehen.	YouβÄôre going to get along famously.	ihrwerdeteuchprimaverstehen	27
Lasst euch von den Kameras nicht stΟΕren.	DonβÄôt be put off by the cameras.	lassteuchvondenkamerasnichtstΟΕren	33
Den Fehler seines Lebens begehen	Make the blunder of all blunders	denfehlerseineslebensbegehen	28
Vor Neugier platzen	Burn with curiosity	vorneugierplatzen	17
... geht weg wie warme Semmel.	... is going like hot cakes.	gehtwegwiewarmesemmel	21
Hier wimmelt es von ...	This place is crawling/teeming with ...	hierwimmeltesvon	16
Sich dumm und dΟΛmlich reden	Talk oneβÄôs head off	sichdummunddΟΛmlichreden	23
Es war wie im Irrenhaus	It was bedlam	eswarwieimirrenhaus	19
Jmdm. den Wind aus den Segeln nehmen	Take the wind out of s.o.βÄôs sails	jmdmdenwindausdensegelnnehmen	29
Wein, Weib und Gesang	Wine, women and song	weinweibundgesang	17
Er sagte wie immer nichts.	As ever he said nothing.	ersagtewieimmernichts	21
Ich wΟΦrde das um nichts in der Welt verpassen	I wouldnβÄôt miss this for the world	ichwΟΦrdedasumnichtsinderweltverpassen	37
Er ist ein Beispiel fΟΦr uns alle	He is an example to us all	eristeinbeispielfΟΦrunsalle	26
Ich habe mir nie etwas sagen lassen.	I never would be told.	ichhabemirnieetwassagenlassen	29
MΟΦssen sie einen solchen LΟΛrm machen?	Do they have to make that racket?	mΟΦssensieeinensolchenlΟΛrmmachen	31
An einer Nacht- und Nebelaktion teilnehmen	Engage in a cloak-and-dagger operation	aneinernachtundnebelaktionteilnehmen	36
Er ist sehr belesen	He is well-read // he reads anything he comes across	eristsehrbelesen	16
Er liest alles, was ihm in die HΟΛnde kommt	He is well-read // he reads anything he comes across	erliestalleswasihmindiehΟΛndekommt	33
Um jeden Preis	At any cost/price // come what may // come rain or shine // sink or swim // live or die // tooth and nail // neck or nothing	umjedenpreis	12
Komme, was wolle	At any cost/price // come what may // come rain or shine // sink or swim // live or die // tooth and nail // neck or nothing	kommewaswolle	13
U. dgl.	And the like // et cetera // etc. &c. // and suchlike // and so on, and so forth // and what have you // and God knows what	udgl	4
Ob es dir nun gefΟΛllt oder nicht, spielt dabei keine Rolle.	Whether you enjoy it or not is neither here nor there.	obesdirnungefΟΛlltodernichtspieltdabeikeinerolle	47
Das kΟΕnnte etwas heikel sein	That might be a bit dicey	daskΟΕnnteetwasheikelsein	24
Ο€ber Gott und die Welt sprechen	Talk about God and what not	ΟΦbergottunddieweltsprechen	26
Er ist ein Erfolgstyp.	He is an achiever.	eristeinerfolgstyp	18
Sie ist sehr musikalisch	She is very musical	sieistsehrmusikalisch	21
Er macht nie etwas halb	He never does things by halves	ermachtnieetwashalb	19
Ich arbeite abends	I work evenings	icharbeiteabends	16
Das Bild ist nichts wert. Es muss das echte GemΟΛlde sein.	The painting is a pup. It has to be the real McCoy.	dasbildistnichtswertesmussdasechtegemΟΛldesein	45
In Vergessenheit geraten	Fade into oblivion	invergessenheitgeraten	22
Der Vergessenheit anheimfallen	Fade into oblivion	dervergessenheitanheimfallen	28
Jmdn. vor allen Leuten lΟΛcherlich machen	Make s.o. the laughingstock of the place	jmdnvorallenleutenlΟΛcherlichmachen	34
Jmdn. der LΟΛcherlichkeit preisgeben	Make s.o. the laughingstock of the place	jmdnderlΟΛcherlichkeitpreisgeben	31
Dein Akzent verrΟΛt dich.	Your accent betrays you.	deinakzentverrΟΛtdich	20
Sein Akzent hat ihn verraten.	It was his accent that gave him away.	seinakzenthatihnverraten	24
(um es) ganz kurz (zu machen), ...	(to put it) in a nutshell, ...	umesganzkurzzumachen	20
Unter uns (gesagt)	Between ourselves // between you and me	unterunsgesagt	14
Ein Kinderspiel	A piece of cake // a piece of pudding	einkinderspiel	14
Das ist kinderleicht	ThatβÄôs childishly simple	dasistkinderleicht	18
Nichts leichter als das!	Nothing easier!	nichtsleichteralsdas	20
Das ist leichter gesagt als getan.	ThatβÄôs easier said than done.	dasistleichtergesagtalsgetan	28
Sesam, ΟΕffne dich!	Open, Sesamy!	sesamΟΕffnedich	14
Den Anschluss verlieren	Miss the bus	denanschlussverlieren	21
Sie hatten eine kleine Meinungsverschiedenheit.	They had a tiff.	siehatteneinekleinemeinungsverschiedenheit	42
Die Schule schwΟΛnzen	Play wag/truant // play hooky bes. AE	dieschuleschwΟΛnzen	18
Nicht zu knapp	With a vengeance	nichtzuknapp	12
Und wie	With a vengeance	undwie	6
Und zwar krΟΛftig	With a vengeance	undzwarkrΟΛftig	14
Ganz gehΟΕrig	With a vengeance	ganzgehΟΕrig	11
Sehen, wie der Hase lΟΛuft	See, which way the cat jumps	sehenwiederhaselΟΛuft	20
Das Lustigste daran ist ...	The cream of the joke is ...	daslustigstedaranist	20
Sich lΟΛcherlich machen	Play the fool // act/play the (giddy) goat	sichlΟΛcherlichmachen	20
Auf Raten kaufen	Buy on the never-never slang	aufratenkaufen	14
VerdΟΛchtig	Fishy	verdΟΛchtig	10
Faul	Fishy	faul	4
Ich kann nichts dafΟΦr, wenn Sie einen leichten Schlaf haben.	I canβÄôt help it if youβÄôre a light sleeper.	ichkannnichtsdafΟΦrwennsieeinenleichtenschlafhaben	49
Wir mΟΦssen der Sache auf den Grund gehen.	We must get to the bottom of this.	wirmΟΦssendersacheaufdengrundgehen	33
GΟΕr(e)	Brat	gΟΕre	4
RotznΟΛsiges kleines GΟΕr/Balg	Snot-nosed little brat	rotznΟΛsigeskleinesgΟΕrbalg	25
Tagaus, tagein	Day in, day out // day in and day out	tagaustagein	12
Durch dick und dΟΦnn	Through thick and through thin	durchdickunddΟΦnn	16
Mit jmdm. durch dick und dΟΦnn gehen	Stick by s.o. through thick and thin	mitjmdmdurchdickunddΟΦnngehen	28
Die Kugel hat nur eine Rippe gestreift. Er wird in ein paar Tagen wieder auf den Beinen sein.	The bullet only grazed a rib. HeβÄôll be up and about in a couple of days.	diekugelhatnureinerippegestreifterwirdineinpaartagenwiederaufdenbeinensein	74
Schade, dass sie ihn nicht gleich umgelegt haben.	Pity they didnβÄôt finish him off while they were about it.	schadedasssieihnnichtgleichumgelegthaben	40
Das ist haarstrΟΛubend.	ThatβÄôs hair-raising.	dasisthaarstrΟΛubend	19
Mir standen die Haare zu Berge.	My hair stood on end.	mirstandendiehaarezuberge	25
Ich kam, sah und siegte.	I came, I saw, I conquered.	ichkamsahundsiegte	18
Den Fehdehandschuh hinwerfen	Throw down the gauntlet	denfehdehandschuhhinwerfen	26
Vor die FΟΦΟüe werfen	Throw down the gauntlet	vordiefΟΦΟüewerfen	16
Ins Gesicht schleudern/werfen	Throw down the gauntlet	insgesichtschleudernwerfen	26
Den Fehdehandschuh aufnehmen/aufheben	Pick/take up the gauntlet	denfehdehandschuhaufnehmenaufheben	34
SpieΟüruten laufen	Run the gauntlet	spieΟürutenlaufen	16
Das Handtuch werfen	Throw in the towel	dashandtuchwerfen	17
Das Kriegsbeil vergraben	Bury the hatched	daskriegsbeilvergraben	22
Ein Dingsbums	A whatsit	eindingsbums	12
Jmdm. auf die Nerven gehen/fallen	Get up s.o.βÄôs nostril // give s.o. the pip	jmdmaufdienervengehenfallen	27
Das ist ein Betrug.	This is a swiz.	dasisteinbetrug	15
Ich bin nicht in Stimmung.	IβÄôm not in mood.	ichbinnichtinstimmung	21
(im Meer) ertrinken	Go to Davy JonesβÄôs locker	immeerertrinken	15
Ertrunken sein	Be in Davy JonesβÄôs locker	ertrunkensein	13
Was ist los? Warum machst du so ein Gesicht?	WhatβÄôs the matter? Why the long face?	wasistloswarummachstdusoeingesicht	34
Mit einem langen Gesicht zu Hause sitzen	Sit at home with a long face	miteinemlangengesichtzuhausesitzen	34
Es steht mir bis hier. Mir stehtβÄôs bis hier. = Ich habe die Nase voll.	IβÄôm up to here.	esstehtmirbishiermirstehtsbishierichhabedienasevoll	51
NervΟΕs sein	Be on edge // have the jitters	nervΟΕssein	10
Manchen Leuten kann man es nie recht machen.	ThereβÄôs no pleasing some people.	manchenleutenkannmanesnierechtmachen	36
Du solltest schon lΟΛngst im Bett sein.	ItβÄôs way past your bedtime.	dusolltestschonlΟΛngstimbettsein	31
Hereinplatzen	Butt in	hereinplatzen	13
Ich bin auf etwas Neues gestoΟüen.	I hit on something new.	ichbinaufetwasneuesgestoΟüen	27
Das ist ja die Kunst.	ThatβÄôs the art in it.	dasistjadiekunst	16
Wir drehen uns im Kreise.	WeβÄôre going around in circles.	wirdrehenunsimkreise	20
Unsere Motive kΟΕnnten missverstanden werden.	Our motives might be misconstrued.	unseremotivekΟΕnntenmissverstandenwerden	39
Sie sind etwas unerfahren.	They are a bit green.	siesindetwasunerfahren	22
Mein Magen knurrt.	My stomach is rumbling.	meinmagenknurrt	15
Es ist reine Zeitverschwendung, mit dir zu reden.	ItβÄôs a waste of time talking to you.	esistreinezeitverschwendungmitdirzureden	40
Mit sofortiger Wirkung ...	Effective immediately, ...	mitsofortigerwirkung	20
Der Film ist ein riesiger Erfolg.	The film is a roaring smash.	derfilmisteinriesigererfolg	27
Kassenschlager	Box office smash	kassenschlager	14
Die Spitze eines Eisbergs	The tip of an iceberg	diespitzeeineseisbergs	22
Als ich klein war	When I was little	alsichkleinwar	14
Ich wΟΦrde lieber etwas tun	IβÄôd sooner/rather do s.th.	ichwΟΦrdelieberetwastun	22
Da fΟΛllt mir ein.	Come to think of it.	dafΟΛlltmirein	13
Diese MΟΕglichkeiten kommen in Frage	Those possibilities come into question	diesemΟΕglichkeitenkommeninfrage	31
Seid ihr von Sinnen?	Have you taken leave of your senses?	seidihrvonsinnen	16
Etwas in dieser Richtung	Something along these lines	etwasindieserrichtung	21
Er hat etwas ΟΦber den Durst getrunken.	HeβÄôs had one or two to many.	erhatetwasΟΦberdendurstgetrunken	31
Einen schweren Kopf haben	Have a thick head	einenschwerenkopfhaben	22
O.K. Ich gebe zu, ich war ziemlich angesΟΛuselt.	Alright, I admit I was pretty squiffy.	okichgebezuichwarziemlichangesΟΛuselt	36
Er ist zu angeheitert, um zu fahren.	HeβÄôs too tipsy to drive.	eristzuangeheitertumzufahren	28
Ich verstehe ΟΦberhaupt nichts von Computern.	I donβÄôt understand the first thing about computers.	ichversteheΟΦberhauptnichtsvoncomputern	38
Sauregurkenzeit	Silly season	sauregurkenzeit	15
Das ist ja nicht besonders lustig hier.	Not a lot of laughs in here.	dasistjanichtbesonderslustighier	32
Ich habe auch schon ein paar Dummheiten gemacht.	IβÄôve done some stupid things in my time.	ichhabeauchschoneinpaardummheitengemacht	40
Von nun an gehtβÄôs bergauf	From here itβÄôs all uphill	vonnunangehtsbergauf	20
